﻿{
  "Entities": [
    {
      "Table": {
        "Database": "jd",
        "Name": "jd_category",
        "Suffix": "0"
      },
      "Fields": [
        {
          "Selector": {
            "Type": 0,
            "Expression": "."
          },
          "Name": "CategoryName"
        },
        {
          "Selector": {
            "Type": 0,
            "Expression": "./@href"
          },
          "Name": "Url"
        }
      ],
      "Selector": {
        "Expression": ".//div[@class='items']//a"
      },
      "Multi": true,
      "Name": "Category"
    }
  ],
  "UserId": "DotnetSpider",
  "Name": "京东类目",
  "Batch": "DAILY",
  "ConnectString": "Database='mysql';Data Source=localhost;User ID=root;Password=;Port=3306",
  "RedisConnectString": "127.0.0.1:6379,serviceName=DotnetSpider,keepAlive=8,allowAdmin=True,connectTimeout=10000,password=,abortConnect=True,connectRetry=20",
  "Site": {
    "EncodingName": "utf-8",
    "StartRequests": [
      {
        "Url": "http://www.jd.com/allSort.aspx"
      }
    ]
  },
  "Pipelines": [
    {
      "ConnectString": "Database='mysql';Data Source=localhost;User ID=root;Password=;Port=3306",
      "CheckIfSameBeforeUpdate": false,
      "Type": "MySql"
    }
  ]
}
