﻿{
  "Entities": [
    {
      "Table": {
        "Database": "",
        "Name": "",
        "Suffix": 0,
        "Primary": "",
        "UpdateColumns": [ "" ],
        "Indexs": [ "" ],
        "Uniques": [ "" ]
      },
      "Fields": [
        {
          "Option": 0,
          "Length": 0,
          "Selector": {
            "Argument": null,
            "Type": 0,
            "Expression": "."
          },
          "NotNull": false,
          "Name": ""
        }
      ],
      "Selector": {
        "Type": 0,
        "Expression": ".//div[@class='items']//a"
      },
      "Multi": true,
      "Name": "",
      "Take": 0,
      "TargetUrlsSelectors": [
        {
          "XPaths": [ "" ],
          "Patterns": [ "" ]
        }
      ],
      "SharedValues": []
    }
  ],
  "UserId": "DotnetSpider",
  "Name": "",
  "Batch": "DAILY",
  "LogAndStatusConnectString": "Database='mysql';Data Source=localhost;User ID=root;Password=;Port=3306",
  "RedisConnectString": "127.0.0.1:6379,serviceName=DotnetSpider,keepAlive=8,allowAdmin=True,connectTimeout=10000,password=,abortConnect=True,connectRetry=20",
  "Site": {
    "Arguments": {},
    "Headers": {},
    "ContentType": 0,
    "RemoveOutboundLinks": false,
    "Cookies": {
      "StringPart": null,
      "PairPart": {}
    },
    "UserAgent": null,
    "Accept": null,
    "DownloadFiles": false,
    "EncodingName": "utf-8",
    "Timeout": 5000,
    "StartRequests": [
      {
        "Depth": 1,
        "Referer": null,
        "Origin": null,
        "Priority": 0,
        "Extras": null,
        "Method": "GET",
        "PostBody": null,
        "Url": ""
      }
    ],
    "SleepTime": 100,
    "CycleRetryTimes": 5,
    "IsUseGzip": false
  },
  "CachedSize": 1,
  "Pipelines": [
    {
      "ConnectString": "Database='mysql';Data Source=localhost;User ID=root;Password=;Port=3306",
      "CheckIfSameBeforeUpdate": false,
      "Type": "MySql"
    },
    {
      "Path": "",
      "Type": "MySqlFile"
    },
    {
      "ConnectString": "",
      "Type": "SqlServer"
    },
    {
      "ConnectString": "",
      "Type": "MongoDb"
    }
  ],
  "CookieInjector": null,
  "EmptySleepTime": 15000,
  "ThreadNum": 1,
  "Deep": 2147483647,
  "SpawnUrl": true,
  "SkipWhenResultIsEmpty": false,
  "RetryWhenResultIsEmpty": false,
  "Download": [
    {
      "Type": "Http"
    },
    {
      "Type": "JsEngine",
      "Browser": "Chrome"
    }
  ],
  "Scheduler": [
    {
      "Type": "Redis",
      "ConnectString": "127.0.0.1:6379,serviceName=DotnetSpider,keepAlive=8,allowAdmin=True,connectTimeout=10000,password=,abortConnect=True,connectRetry=20"
    },
    {
      "Type": "Memeroy"
    }
  ]
}
